{
  "owner": {
    "number": [
      "6288239040968@s.whatsapp.net",
      "6288239040968@s.whatsapp.net"
    ],
    "nomor": "6288239040968@s.whatsapp.net",
    "name": "Langzz Botz"
  },
  "links": {
    "tiktok": "https://",
    "instagram": "https://instagram.com/",
    "channel": "https://whatsapp.com/channel/0029VaqDsBP7oQhh8Qj1C83E",
    "group": "https://whatsapp.com/channel/0029VaqDsBP7oQhh8Qj1C83E",
    "website": "https://whatsapp.com/channel/0029VaqDsBP7oQhh8Qj1C83E"
  },
  "bots": {
    "nameFull": "Elaina Assistant",
    "nameCall": "elaina",
    "footer": "© 2025 • Elaina Assistat V10.2",
    "session": "session",
    "style": "v2",
    "welcomeType": "v1",
    "title": "Elaina Assistant • ChatBots",
    "menu": "⛩️ *`ɪ ɴ ғ ᴏ ʙ ᴏ ᴛ`*\n> ⻝ *ʙᴏᴛ ɴᴀᴍᴇ :* @botname\n> ⻝ *ᴘʀᴇғɪx :* [ @prefix ]\n> ⻝ *ᴊᴀᴍ :* @jam\n> ⻝ *ᴛᴏᴛᴀʟ ғɪᴛᴜʀ :* @totalfitur\n> ⻝ *ᴠᴇʀsɪᴏɴ :* 10.2\n\n⛩️ *`ɪ ɴ ғ ᴏ ᴜsᴇʀ`*\n> ⻝ *ᴜsᴇʀ :* @pushname\n> ⻝ *ᴅᴇᴠɪᴄᴇ :* @device",
    "pairing": true,
    "idsaluran": "120363323654622890@newsletter",
    "namasaluran": "Elaina Assistant • Bot WhatsApp"
  },
  "mediaPath": {
    "donasi": "https://pomf2.lain.la/f/tzygh8u6.jpg",
    "thumbnail": "https://files.catbox.moe/w8oh1c.jpg",
    "audioMenu": "url pomf",
    "audioOwner": "url pomf"
  },
  "ptero": {
    "links": "https://alwsrobzxdevpriv.fayzaafx.my.id",
    "plta": "ptla_Pz1qRO987rt60RYs6gs3yVwD3BM0EVfak69HDjZFnc4",
    "pltc": "ptlc_qLea4mMrn6YVlybeaXsh3LS4TUWSYXwp16K13rcdX2n",
    "eggs": 15,
    "nets": 5,
    "location": 1
  },
  "apikey": {
    "skizo": "rafael",
    "zeeone": "gak usah isi, gak perlu",
    "lolhuman": "sama, pajangan doang",
    "neoxr": "panjangan",
    "atlantic": "samudra brakakakak",
    "otpku": "aGrLPi2J8C6DUgdnERot"
  },
  "general": {
    "prefix": false,
    "audioOwner": true,
    "audioMenu": false,
    "autoWelcome": false,
    "autoLeave": false,
    "autoBackup": true,
    "autoBio": true,
    "autoRespond": true,
    "autoBlock212": false,
    "autoRead": true,
    "autoSholat": true,
    "antiViewOnce": false,
    "antiDelete": false,
    "antiCall": true,
    "onlyRegister": false,
    "notifRegister": false,
    "grupOnly": false,
    "privateOnly": false
  },
  "count": {
    "toxic": 5,
    "antiLink": 7,
    "limit": {
      "premium": 100000,
      "free": 200
    },
    "game": {
      "premium": 500,
      "free": 50
    }
  },
  "reward": {
    "game": 250,
    "timeGame": 120000
  },
  "mess": {
    "wait": "*⏳ Loading...*",
    "error": {
      "input": "Query yang kamu berikan tidak valid",
      "api": "Ups, terjadi kesalahan pada botkey, silahkan hubungi owner untuk memperbaikinya",
      "bot": "Terjadi kesalahan"
    },
    "OnlyGrup": "Command Khusus Grup!!",
    "OnlyPM": "Command Khusus Private Chat!!",
    "GrupAdmin": "Member gausah so asik",
    "BotAdmin": "Bot nya belum jadi admin kak hehe 😄☝️",
    "OnlyOwner": "Khusus Galangg!!!",
    "OnlyPrem": "Khusus VIP User!!"
  }
}