[
  {
    "jid": "6283143560580@s.whatsapp.net",
    "commandCounts": [
      {
        "name": "prefix",
        "count": 2
      },
      {
        "name": "craft",
        "count": 2
      },
      {
        "name": "suit",
        "count": 1
      },
      {
        "name": "menu",
        "count": 1
      },
      {
        "name": "jadian",
        "count": 1
      },
      {
        "name": "afk",
        "count": 1
      },
      {
        "name": "5gb",
        "count": 1
      },
      {
        "name": "autoread",
        "count": 1
      },
      {
        "name": "set",
        "count": 3
      }
    ]
  },
  {
    "jid": "6281264247474@s.whatsapp.net",
    "commandCounts": [
      {
        "name": "menu",
        "count": 1
      },
      {
        "name": "aimenu",
        "count": 1
      },
      {
        "name": "allmenu",
        "count": 1
      },
      {
        "name": "jadian",
        "count": 1
      },
      {
        "name": "terima",
        "count": 1
      },
      {
        "name": "putus",
        "count": 1
      }
    ]
  },
  {
    "jid": "6283168833390@s.whatsapp.net",
    "commandCounts": [
      {
        "name": "jadian",
        "count": 4
      },
      {
        "name": "putus",
        "count": 1
      },
      {
        "name": "kapankah",
        "count": 5
      },
      {
        "name": "wangy",
        "count": 1
      },
      {
        "name": "sangecek",
        "count": 6
      },
      {
        "name": "hinata",
        "count": 1
      },
      {
        "name": "saldo",
        "count": 1
      },
      {
        "name": "slot",
        "count": 1
      },
      {
        "name": "tebakhero2",
        "count": 1
      },
      {
        "name": "attack",
        "count": 1
      },
      {
        "name": "tebakff",
        "count": 1
      },
      {
        "name": "tebakanime",
        "count": 1
      }
    ]
  },
  {
    "jid": "6282125771661@s.whatsapp.net",
    "commandCounts": [
      {
        "name": "jadian",
        "count": 1
      }
    ]
  },
  {
    "jid": "6281400847592@s.whatsapp.net",
    "commandCounts": [
      {
        "name": "brat",
        "count": 1
      },
      {
        "name": "tf",
        "count": 1
      }
    ]
  },
  {
    "jid": "6282155480068@s.whatsapp.net",
    "commandCounts": [
      {
        "name": "afk",
        "count": 2
      }
    ]
  },
  {
    "jid": "6288293836016@s.whatsapp.net",
    "commandCounts": [
      {
        "name": "menu",
        "count": 2
      }
    ]
  }
]